date,Open,High,Low,Close,Volume,SMA_20,RSI_14,close_BBL_20_2.0,close_BBM_20_2.0,close_BBU_20_2.0,close_BBB_20_2.0,close_BBP_20_2.0,EMA_20,MACD_12_26_9,MACDh_12_26_9,MACDs_12_26_9
2024-01-01 00:00:00+05:30,1290.3,1303.4,1286.6,1295.1,4030540,,,,,,,,,,,
2024-01-02 00:00:00+05:30,1292.5,1307.5,1286.5,1305.85,7448800,,100.0,,,,,,,,,
2024-01-03 00:00:00+05:30,1305.0,1317.0,1288.6,1291.65,9037536,,90.7762260474,,,,,,,,,
2024-01-04 00:00:00+05:30,1294.0,1304.9,1289.55,1298.3,9612778,,91.1862302753,,,,,,,,,
2024-01-05 00:00:00+05:30,1301.45,1309.9,1299.0,1303.85,8086406,,91.5248281427,,,,,,,,,
2024-01-08 00:00:00+05:30,1305.0,1316.0,1284.5,1293.7,7734652,,85.0869435811,,,,,,,,,
2024-01-09 00:00:00+05:30,1300.0,1303.4,1288.6,1290.25,5403074,,82.9511253878,,,,,,,,,
2024-01-10 00:00:00+05:30,1288.5,1329.5,1287.5,1325.05,11102740,,86.6039112044,,,,,,,,,
2024-01-11 00:00:00+05:30,1329.5,1362.5,1328.5,1359.9,23725852,,89.1183048384,,,,,,,,,
2024-01-12 00:00:00+05:30,1359.9,1373.3,1345.75,1370.7,15012164,,89.7597665862,,,,,,,,,
2024-01-15 00:00:00+05:30,1375.0,1396.45,1366.0,1394.1,8610594,,90.9979686264,,,,,,,,,
2024-01-16 00:00:00+05:30,1390.0,1396.3,1370.5,1374.6,9069024,,82.0900615516,,,,,,,,,
2024-01-17 00:00:00+05:30,1359.5,1386.3,1355.0,1361.6,12197382,,76.6995472216,,,,,,,,,
2024-01-18 00:00:00+05:30,1351.4,1371.0,1351.25,1367.95,10279438,,77.4775312356,,,,,,,,,
2024-01-19 00:00:00+05:30,1376.0,1376.0,1359.0,1367.45,10422704,,77.2587877317,,,,,,,,,
2024-01-20 00:00:00+05:30,1365.0,1383.5,1350.0,1356.65,7283394,,72.4975367407,,,,,,,,,
2024-01-23 00:00:00+05:30,1371.75,1371.75,1322.55,1328.6,20055420,,61.8383332011,,,,,,,,,
2024-01-24 00:00:00+05:30,1335.2,1349.5,1323.9,1343.9,21919128,,64.8721948252,,,,,,,,,
2024-01-25 00:00:00+05:30,1342.95,1364.15,1335.2,1353.1,11808872,,66.5920781064,,,,,,,,,
2024-01-29 00:00:00+05:30,1364.5,1452.5,1360.2,1448.05,23893438,1341.5175,78.3652180592,1260.1609927311,1341.5175,1422.8740072689,12.1290266089,1.1547263616,1341.5175,,,
2024-01-30 00:00:00+05:30,1459.95,1460.0,1404.4,1407.6,14093978,1347.1425,67.4586366559,1263.8671658668,1347.1425,1430.4178341332,12.3632554289,0.8629976429,1347.8110714286,,,
2024-01-31 00:00:00+05:30,1404.0,1434.25,1402.5,1426.6,15130226,1353.18,69.5989328801,1265.3696338693,1353.18,1440.9903661307,12.9783718545,0.918059981,1355.3147789116,,,
2024-02-01 00:00:00+05:30,1435.0,1443.35,1418.05,1426.65,13349362,1359.93,69.6045984958,1271.3253138937,1359.93,1448.5346861063,13.0307715995,0.8765037885,1362.1086094914,,,
2024-02-02 00:00:00+05:30,1433.2,1474.9,1433.2,1457.7,19652588,1367.9,72.9730590132,1274.3647125412,1367.9,1461.4352874588,13.6757493178,0.9800327365,1371.2125514446,,,
2024-02-05 00:00:00+05:30,1460.75,1470.5,1431.5,1439.0,8814432,1374.6575,68.0797124519,1281.0799584903,1374.6575,1468.2350415097,13.6146700556,0.8437924258,1377.6684989261,,,
2024-02-06 00:00:00+05:30,1441.85,1441.85,1419.8,1427.8,9047984,1381.3625,65.2572181208,1292.8699586476,1381.3625,1469.8550413524,12.8123561125,0.7623808701,1382.4429275998,43.81930134823301,,
2024-02-07 00:00:00+05:30,1435.9,1449.5,1429.25,1442.15,9296568,1388.9575,67.1371378776,1307.2328386364,1388.9575,1470.6821613636,11.7677699085,0.8254372616,1388.1293154474,43.460250384731125,,
2024-02-08 00:00:00+05:30,1450.0,1459.5,1427.5,1450.1,14694634,1395.21,68.164873049,1314.8769893506,1395.21,1475.5430106494,11.5155439897,0.8416403765,1394.0312854048,43.31785717532375,,
2024-02-09 00:00:00+05:30,1454.0,1472.0,1450.95,1460.75,12556798,1400.2525,69.5391825564,1316.8173486847,1400.2525,1483.6876513153,11.9171579862,0.8625420404,1400.3854486996,43.56221739957368,,
2024-02-12 00:00:00+05:30,1460.75,1461.0,1442.35,1452.35,6674430,1404.335,67.0794831615,1319.112250103,1404.335,1489.557749897,12.1370969031,0.7817029494,1405.3344535853,42.58714672171163,,
2024-02-13 00:00:00+05:30,1455.5,1479.0,1454.0,1465.1,7715594,1407.885,68.878865509,1318.8342667071,1407.885,1496.9357332929,12.6502851146,0.8212494602,1411.0264103867,42.35497286615896,,
2024-02-14 00:00:00+05:30,1457.5,1483.65,1457.5,1481.4,7117888,1413.225,71.0568962966,1320.0837980537,1413.225,1506.3662019463,13.1813691304,0.8659765956,1417.7286570166,42.99067741960175,,
2024-02-15 00:00:00+05:30,1483.35,1484.7,1466.5,1470.6,10006782,1418.675,67.67724347,1325.498696682,1418.675,1511.851303318,13.1356798869,0.7786384421,1422.764023015,42.137275831335046,,
2024-02-16 00:00:00+05:30,1476.5,1477.0,1458.55,1460.6,9767498,1423.3075,64.612842231,1331.4765723394,1423.3075,1515.1384276606,12.9038774349,0.7030497837,1426.3674493945,40.19073868005671,-2.5226433006905893,42.7133819807473
2024-02-19 00:00:00+05:30,1462.05,1479.5,1453.5,1474.0,6729828,1428.635,66.7832887117,1338.029679516,1428.635,1519.240320484,12.6841804217,0.7503440182,1430.9038827855,39.27660571332808,-2.7494210139353754,42.02602672726346
2024-02-20 00:00:00+05:30,1475.0,1475.5,1461.8,1471.0,7117496,1434.3525,65.8100999409,1348.3225315297,1434.3525,1520.3824684703,11.9956521804,0.7129926388,1434.7225606155,37.87349178539739,-3.3220279534928494,41.19551973889024
2024-02-21 00:00:00+05:30,1474.0,1488.5,1457.55,1467.7,12720292,1441.3075,64.6933238162,1369.2425274058,1441.3075,1513.3724725942,9.999944161,0.6831160066,1437.8632691283,36.07933139416491,-4.092950675780266,40.172282069945176
2024-02-22 00:00:00+05:30,1468.15,1484.95,1458.0,1481.75,18493728,1448.2,67.2421271742,1389.6098216422,1448.2,1506.7901783578,8.0914484681,0.7863107857,1442.0429577827,35.38328742503222,-3.831195715930363,39.214483140962585
2024-02-23 00:00:00+05:30,1489.5,1497.55,1483.35,1493.6,14438584,1455.225,69.2578919431,1412.3433430824,1455.225,1498.1066569176,5.8934744686,0.9474523929,1446.9531522796,35.38002462955728,-3.0675668091242443,38.44759143868153
2024-02-26 00:00:00+05:30,1493.55,1494.5,1482.5,1487.3,7513106,1457.1875,66.9008742979,1412.2553747999,1457.1875,1502.1196252001,6.1669655003,0.8350887574,1450.7957092054,34.47171304188282,-3.1807027174389617,37.652415759321784
2024-02-27 00:00:00+05:30,1483.0,1499.95,1478.05,1485.65,10826044,1461.09,66.264804805,1420.7388339698,1461.09,1501.4411660302,5.5234333313,0.8043282564,1454.1151654715,33.235608942800354,-3.5334454532171407,36.769054396017495
2024-02-28 00:00:00+05:30,1483.0,1491.3,1450.2,1455.6,8647950,1462.54,55.8502014863,1425.2851667565,1462.54,1499.7948332435,5.0945387126,0.4068577229,1454.2565782838,29.49124693989711,-5.822245964896311,35.31349290479342
2024-02-29 00:00:00+05:30,1465.0,1479.0,1454.5,1460.8,23628976,1464.2475,57.1065056194,1430.7923438204,1464.2475,1497.7026561796,4.569604002,0.4484758047,1454.8797613044,26.63636221466095,-6.941704552105982,33.57806676676693
2024-03-01 00:00:00+05:30,1463.5,1500.0,1462.5,1492.1,12132926,1465.9675,63.7863200666,1430.5557466545,1465.9675,1501.3792533455,4.831178501,0.8689806001,1458.424545942,26.59294697734299,-5.588095831539157,32.18104280888215
2024-03-02 00:00:00+05:30,1492.0,1500.45,1488.0,1491.1,716300,1468.5725,63.4463661339,1433.8201263401,1468.5725,1503.3248736599,4.7328100805,0.8241145514,1461.5364939476,26.17610658369108,-4.803948980152853,30.980055563843933
2024-03-04 00:00:00+05:30,1490.5,1512.45,1487.2,1507.4,10024420,1472.5525,66.5735608536,1439.1848288946,1472.5525,1505.9201711054,4.5319499448,1.0221745906,1465.9044469049,26.85150392104447,-3.302841314239572,30.15434523528404
2024-03-05 00:00:00+05:30,1505.8,1507.4,1486.05,1500.2,7107668,1475.455,63.9702156648,1443.0865292298,1475.455,1507.8234707702,4.3875917287,0.8822392503,1469.1706900568,26.500302360041587,-2.9232343001939647,29.423536660235552
2024-03-06 00:00:00+05:30,1493.45,1509.0,1478.5,1503.0,7805676,1478.1,64.5507754216,1445.805975785,1478.1,1510.394024215,4.369667034,0.8855202411,1472.392529099,26.146508517545954,-2.621622514151678,28.76813103169763
2024-03-07 00:00:00+05:30,1503.0,1503.1,1475.55,1478.9,8315726,1479.0075,56.1624544584,1447.7100036944,1479.0075,1510.3049963056,4.2322295601,0.4982826102,1473.0122882325,23.648846578068742,-4.095427562903112,27.744274140971854
2024-03-11 00:00:00+05:30,1489.0,1489.0,1463.5,1466.6,11277130,1479.72,52.418497104,1450.2892779565,1479.72,1509.1507220435,3.9778771718,0.2771036677,1472.4015941151,20.4412898268763,-5.842387451276444,26.283677278152744
2024-03-12 00:00:00+05:30,1466.6,1488.0,1465.0,1475.4,9432678,1480.235,54.7430138897,1451.4932168264,1480.235,1508.9767831736,3.883408131,0.4158890043,1472.6871565803,18.397291918370684,-6.3091082878256515,24.706400206196335
2024-03-13 00:00:00+05:30,1479.8,1483.1,1427.8,1432.2,13522134,1477.775,43.5064415418,1442.2350998876,1477.775,1513.3149001124,4.8099203346,-0.1411807554,1468.831236906,13.140059461070223,-9.253072596100889,22.393132057171112
2024-03-14 00:00:00+05:30,1439.7,1448.5,1425.5,1431.5,18571102,1475.82,43.3511653392,1435.0060881561,1475.82,1516.6339118439,5.5310148723,-0.042952121,1465.2758810102,8.81556041946942,-10.862057310161354,19.677617729630775
2024-03-15 00:00:00+05:30,1425.95,1433.2,1412.9,1418.2,19223818,1473.7,40.4007760035,1426.1029307625,1473.7,1521.2970692375,6.4595330444,-0.0830190901,1460.7924637711,4.265989256739658,-12.329302778312893,16.59529203505255
2024-03-18 00:00:00+05:30,1420.0,1441.7,1416.5,1439.5,9169392,1471.975,46.6615959729,1422.1002719306,1471.975,1521.8497280694,6.7765727094,0.1744343152,1458.7646100786,2.352040462501691,-11.39460125804069,13.746641720542382
2024-03-19 00:00:00+05:30,1428.75,1437.6,1417.25,1425.25,8275764,1469.6875,43.3784894102,1415.8078853484,1469.6875,1523.5671146516,7.3321185152,0.0876223291,1455.5727424521,-0.31104808526356464,-11.246151844644759,10.935103759381194
2024-03-20 00:00:00+05:30,1427.95,1445.0,1424.0,1443.75,8488806,1468.49,48.4495563664,1413.4351400874,1468.49,1523.5448599126,7.4981593218,0.2753150218,1454.4467669805,-0.9181852883809825,-9.482631238209741,8.564445949828759
2024-03-21 00:00:00+05:30,1452.5,1457.9,1444.7,1451.0,13006936,1466.9525,50.3270930505,1411.7474596957,1466.9525,1522.1575403043,7.5264932306,0.3555159102,1454.1185034585,-0.8050513559132924,-7.495597844593641,6.690546488680349
2024-03-22 00:00:00+05:30,1450.0,1460.0,1447.35,1455.0,19527608,1465.0225,51.3792590538,1410.9924021378,1465.0225,1519.0525978622,7.3760092916,0.4072507695,1454.2024555101,-0.38815096602093035,-5.6629579637610234,5.274806997740093
2024-03-26 00:00:00+05:30,1445.0,1452.4,1439.0,1441.6,11415906,1462.7375,47.7317097561,1408.8039123667,1462.7375,1516.6710876333,7.3743358099,0.304041406,1453.002221652,-1.1260421025322103,-5.120679280217843,3.994637177685633
2024-03-27 00:00:00+05:30,1448.0,1500.0,1447.0,1492.85,16326644,1463.0975,59.5573927712,1408.4653714034,1463.0975,1517.7296285966,7.4680092881,0.772298561,1456.7972481613,2.3969895381217157,-1.2781181116511342,3.67510764977285
2024-03-28 00:00:00+05:30,1492.9,1505.95,1478.65,1485.85,21854364,1464.61,57.6391893663,1409.222171012,1464.61,1519.997828988,7.5634918494,0.6917388747,1459.5641769079,4.571478834495792,0.7170969477783538,3.8543818867174386
2024-04-01 00:00:00+05:30,1492.5,1494.0,1482.5,1484.8,5013880,1465.81,57.3408578685,1409.7682691202,1465.81,1521.8517308798,7.646520474,0.6694273152,1461.9675886309,6.139281230977076,1.8279194754077093,4.311361755569367
2024-04-02 00:00:00+05:30,1484.0,1494.0,1475.0,1486.95,8910166,1465.5525,57.8222494623,1409.950724174,1465.5525,1521.154275826,7.5878244998,0.6924174155,1464.3468659042,7.469163094533769,2.5262410711715217,4.9429220233622475
2024-04-03 00:00:00+05:30,1482.1,1484.45,1468.9,1471.6,7008292,1464.5775,53.2058794219,1410.1299612586,1464.5775,1519.0250387414,7.4352553882,0.5644886818,1465.03764058,7.201473237268829,1.8068409711252649,5.394632266143564
2024-04-04 00:00:00+05:30,1479.75,1479.75,1450.0,1462.9,14490272,1462.3525,50.7336037267,1411.5731589743,1462.3525,1513.1318410257,6.9448838123,0.5053909719,1464.8340557628,6.215659551522549,0.6568218283031877,5.558837723219361
2024-04-05 00:00:00+05:30,1460.9,1470.8,1456.0,1460.1,7442298,1460.3475,49.9294892899,1412.6296891219,1460.3475,1508.0653108781,6.535130971,0.4974066287,1464.3831933092,5.149102851276439,-0.3277878975543391,5.476890748830778
2024-04-08 00:00:00+05:30,1463.0,1491.0,1461.0,1486.0,8357118,1459.4975,56.7570270016,1414.3105275964,1459.4975,1504.6844724036,6.1921274142,0.7932537697,1466.4419368036,6.320899136254184,0.675206709938724,5.64569242631546
2024-04-09 00:00:00+05:30,1489.0,1489.8,1462.5,1463.65,7071414,1458.735,50.3736831477,1414.3763018676,1458.735,1503.0936981324,6.0818034986,0.555400634,1466.1760380604,5.384034127205496,-0.2093266392879709,5.593360766493467
2024-04-10 00:00:00+05:30,1466.35,1487.0,1466.35,1479.6,9138330,1459.385,54.3219290965,1414.2108691284,1459.385,1504.5591308716,6.1908448931,0.7237453119,1467.4545106261,5.8610312383245855,0.21413637746489478,5.646894860859691
2024-04-12 00:00:00+05:30,1475.9,1486.5,1463.1,1467.15,15551012,1458.9725,50.9167043021,1414.2423706127,1458.9725,1503.7026293873,6.1317302947,0.5914093041,1467.4255096141,5.174792151727615,-0.37768216730566095,5.552474319033276
2024-04-15 00:00:00+05:30,1461.0,1482.1,1446.3,1464.8,12902062,1460.6025,50.2760628187,1417.5490974051,1460.6025,1503.6559025949,5.8952935648,0.5487475989,1467.1754610794,4.390704067907109,-0.9294162009009348,5.320120268808044
2024-04-16 00:00:00+05:30,1453.35,1471.2,1450.9,1465.75,9366184,1462.315,50.5469498919,1421.3543713427,1462.315,1503.2756286573,5.6021621412,0.5419305088,1467.0397028813,3.80213700431068,-1.2143866115978916,5.0165236159085715
2024-04-18 00:00:00+05:30,1463.5,1486.0,1459.35,1464.3,19005692,1464.62,50.0983335067,1429.009855378,1464.62,1500.230144622,4.8627145092,0.4955068983,1466.7787787974,3.182010250731537,-1.467610692141628,4.649620942873165
2024-04-19 00:00:00+05:30,1456.8,1474.0,1443.0,1470.1,15741778,1466.15,51.935910609,1432.4080083575,1466.15,1499.8919916425,4.6028021202,0.5585324074,1467.0950855786,3.122571794215446,-1.221639318926175,4.344211113141621
2024-04-22 00:00:00+05:30,1472.45,1482.8,1467.8,1479.85,10350362,1468.88,54.9398065145,1440.3898894351,1468.88,1497.3701105649,3.8791610703,0.6925229454,1468.309839333,3.818196116953686,-0.42081199695034766,4.239008113904034
2024-04-23 00:00:00+05:30,1479.0,1493.5,1455.55,1459.3,14605554,1469.6575,48.114364134,1443.175047791,1469.6575,1496.139952209,3.6038944052,0.3044459796,1467.4517593965,2.68037248243877,-1.2469085051722115,3.9272809876109815
2024-04-24 00:00:00+05:30,1463.5,1468.55,1449.5,1450.2,10462776,1469.6175,45.4232265073,1443.0202769307,1469.6175,1496.2147230693,3.6196116431,0.134971291,1465.8087346921,1.0324437376486912,-2.3158697999698323,3.3483135376185236
2024-04-25 00:00:00+05:30,1442.5,1468.0,1441.5,1460.0,15943926,1469.8675,48.7478510329,1443.7346227187,1469.8675,1496.0003772813,3.5558140147,0.3112052513,1465.2555218643,0.511332114378547,-2.269585138591981,2.780917252970528
2024-04-26 00:00:00+05:30,1463.95,1465.0,1450.0,1452.55,9413848,1470.415,46.4322214477,1446.2924566018,1470.415,1494.5375433982,3.2810524101,0.129703226,1464.0454721629,-0.4970753638460792,-2.622394093453286,2.1253187296072067
2024-04-29 00:00:00+05:30,1450.0,1467.9,1450.0,1465.0,7247974,1469.0225,50.6510268788,1447.1286772411,1469.0225,1490.9163227589,2.9807334822,0.4081361888,1464.136379576,-0.28831113323735735,-1.9309038902756512,1.6425927570382939
2024-04-30 00:00:00+05:30,1468.0,1483.1,1462.9,1467.0,11474262,1468.08,51.3143605847,1447.5867962485,1468.08,1488.5732037515,2.7918374682,0.4736498009,1464.4091053307,0.038080342404327894,-1.2836099317071727,1.3216902741115006
2024-05-02 00:00:00+05:30,1472.0,1477.3,1464.1,1466.55,14512646,1467.1675,51.1477709948,1448.1623092617,1467.1675,1486.1726907383,2.5907322427,0.4837544382,1464.6130000611,0.25746875958930104,-0.8513772116177598,1.1088459712070609
2024-05-03 00:00:00+05:30,1471.0,1474.95,1416.15,1434.0,17226958,1464.52,40.8238236815,1442.7276297755,1464.52,1486.3123702245,2.9760426931,-0.2002450786,1461.6974762457,-2.1701610418706423,-2.6232056104621626,0.4530445685915202
2024-05-06 00:00:00+05:30,1435.5,1440.0,1418.0,1419.5,7394208,1461.915,37.2197458326,1432.8788483955,1461.915,1490.9511516045,3.9723447129,-0.2303826033,1457.6786689842,-5.2041141792894905,-4.525726998304808,-0.678387180984682
2024-05-07 00:00:00+05:30,1416.0,1420.75,1392.0,1401.5,14517472,1458.845,33.2906554771,1419.6633856892,1458.845,1498.0266143108,5.371593872,-0.2317845501,1452.3283195572,-8.957734282061892,-6.623477680861768,-2.3342566012001242
2024-05-08 00:00:00+05:30,1397.5,1432.95,1397.5,1418.55,9439002,1456.7675,39.7758883748,1413.8448104873,1456.7675,1499.6901895127,5.8928675321,0.05481005,1449.1113367422,-10.436408330877157,-6.481721383741625,-3.954686947135531
2024-05-09 00:00:00+05:30,1413.0,1423.75,1390.0,1394.1,11009612,1452.1725,34.5837095427,1403.4648365886,1452.1725,1500.8801634114,6.7082475961,-0.0961330921,1443.8721618144,-13.426407561933274,-7.577376491838194,-5.84903107009508
2024-05-10 00:00:00+05:30,1396.75,1410.0,1388.1,1407.4,10505096,1449.36,39.2306967008,1397.2508395769,1449.36,1501.4691604231,7.1906442048,0.0973836494,1440.3986225939,-14.555023397524792,-6.96479386194377,-7.590229535581022
2024-05-13 00:00:00+05:30,1399.9,1407.0,1384.0,1402.7,8456620,1445.515,38.1980363622,1391.5820036063,1445.515,1499.4479963937,7.4621150792,0.1030723039,1436.808277585,-15.648326135979687,-6.4464772803189305,-9.201848855660756
2024-05-14 00:00:00+05:30,1401.0,1427.1,1400.0,1420.1,7188300,1443.1625,44.0679081144,1389.1051149819,1443.1625,1497.2198850181,7.4915174165,0.2866850201,1435.2170130531,-14.93853966455822,-4.58935264711797,-10.34918701744025
2024-05-15 00:00:00+05:30,1420.5,1430.0,1413.0,1416.3,5046534,1440.7375,43.105025649,1386.4294814852,1440.7375,1495.0455185148,7.5389192708,0.2750102041,1433.4153927623,-14.515333287637759,-3.3329170161580066,-11.182416271479752
2024-05-16 00:00:00+05:30,1418.55,1427.5,1398.0,1425.35,14711774,1438.7175,46.1242398108,1385.2827802478,1438.7175,1492.1522197522,7.4281045101,0.3749174688,1432.6472601183,-13.296407114407884,-1.6911926743425045,-11.60521444006538
2024-05-17 00:00:00+05:30,1423.05,1437.2,1413.25,1435.7,10916476,1437.2875,49.4294147249,1385.1528869776,1437.2875,1489.4221130224,7.2545837938,0.4847749901,1432.9379972499,-11.364240943194773,0.1927787974964872,-11.55701974069126
2024-05-18 00:00:00+05:30,1437.5,1439.5,1432.7,1434.8,426040,1435.5225,49.1470662293,1385.6079482641,1435.5225,1485.4370517359,6.9541998451,0.4927626316,1433.1153308451,-9.792723390897436,1.4114370798350606,-11.204160470732496
2024-05-21 00:00:00+05:30,1425.6,1441.8,1425.6,1436.1,11176128,1433.335,49.5949441327,1387.7345274147,1433.335,1478.9354725853,6.3628492411,0.5303176683,1433.3995850504,-8.34617575430093,2.286387773145254,-10.632563527446184
2024-05-22 00:00:00+05:30,1436.3,1468.8,1436.3,1460.65,10281604,1433.4025,57.2518569935,1387.6447632225,1433.4025,1479.1602367775,6.3844923917,0.7977365351,1435.9948626646,-5.159323038969887,4.378592390781037,-9.537915429750925
2024-05-23 00:00:00+05:30,1458.55,1492.2,1455.0,1486.05,14608260,1435.195,63.4399068162,1384.4127304564,1435.195,1485.9772695436,7.076706586,1.0007161009,1440.7620186013,-0.5774945806451797,7.168336679284597,-7.745831259929776
2024-05-24 00:00:00+05:30,1483.6,1488.5,1476.1,1480.25,7094776,1436.2075,61.2592506758,1382.7503089496,1436.2075,1489.6646910504,7.4442155539,0.9119417719,1444.5227787345,2.5561601326367054,8.241593114053185,-5.68543298141648
2024-05-27 00:00:00+05:30,1480.2,1484.9,1461.55,1466.25,6629010,1436.8925,56.2345244437,1382.2766664442,1436.8925,1491.5083335558,7.6019373135,0.7687636358,1446.5920379027,3.865363567456825,7.640637239098645,-3.7752736716418194
2024-05-28 00:00:00+05:30,1468.0,1478.5,1452.75,1456.2,7820162,1436.4525,52.8812787006,1382.6132533949,1436.4525,1490.2917466051,7.4961401933,0.683393168,1447.5070819119,4.045333625308103,6.256485837559938,-2.211152212251835
2024-05-29 00:00:00+05:30,1446.5,1458.0,1438.45,1440.8,7383556,1435.1425,48.1438517076,1383.0949229671,1435.1425,1487.1900770329,7.2532974298,0.5543493119,1446.868312206,2.911745110800439,4.098317858441819,-1.1865727476413803
2024-05-30 00:00:00+05:30,1435.5,1440.4,1420.1,1424.85,13206858,1433.0575,43.7702039576,1382.9031155954,1433.0575,1483.2118844046,6.9996332184,0.4181776419,1444.7713300912,0.718059008427872,1.5237054048554017,-0.8056463964275299
2024-05-31 00:00:00+05:30,1431.3,1442.25,1422.25,1430.4,31069832,1432.8775,45.6213816891,1382.7120988255,1432.8775,1483.0429011745,7.0020502345,0.4753066861,1443.4026319873,-0.5660888952365895,0.19164600095275242,-0.7577348961893419
2024-06-03 00:00:00+05:30,1483.0,1514.5,1459.0,1510.3,21527942,1437.4175,63.9974711295,1377.4410189845,1437.4175,1497.3939810155,8.3450328127,1.1075923326,1449.7738098932,4.808052649131696,4.4526300362568305,0.35542261287486565
2024-06-04 00:00:00+05:30,1498.05,1498.05,1359.3,1397.3,36709098,1437.2075,42.251347946,1376.7023657137,1437.2075,1497.7126342863,8.4198188899,0.1702139375,1444.7763041891,-0.05047523091184303,-0.32471827502936695,0.2742430441175239
2024-06-05 00:00:00+05:30,1422.0,1431.15,1384.1,1420.75,17464890,1437.3175,46.3272345265,1376.940581604,1437.3175,1497.694418396,8.4013335114,0.3627993906,1442.4880847425,-1.9857836813057475,-1.8080213803386171,-0.17776230096713036
2024-06-06 00:00:00+05:30,1435.0,1443.7,1421.35,1431.6,17855722,1439.1925,48.1506885065,1382.0584709543,1439.1925,1496.3265290457,7.9397341281,0.4335553599,1441.4511242909,-2.613893906756175,-1.9489052846312358,-0.6649886221249393
2024-06-07 00:00:00+05:30,1428.5,1472.0,1426.5,1469.95,18558696,1442.32,54.0879700427,1385.6435110473,1442.32,1498.9964889527,7.8590727373,0.743751867,1444.1653029298,-0.016955833741803872,0.5184262307065084,-0.5353820644483123
2024-06-10 00:00:00+05:30,1469.95,1493.35,1468.1,1471.4,9251760,1445.755,54.301047845,1390.7985818125,1445.755,1500.7114181875,7.602452447,0.7333212466,1446.7590836032,2.133545002195433,2.1351416533149963,-0.0015966511195632527
2024-06-11 00:00:00+05:30,1469.0,1473.7,1454.7,1456.7,11774902,1447.585,51.6823351279,1393.7413829224,1447.585,1501.4286170776,7.439095746,0.5846432734,1447.7058375457,2.6214468536882123,2.0984348038462204,0.5230120498419919
2024-06-12 00:00:00+05:30,1457.5,1476.0,1455.2,1463.3,10081742,1449.935,52.7833324519,1397.6790233083,1449.935,1502.1909766917,7.2080440422,0.6278801091,1449.1909958747,3.5003278273229625,2.3818526219847764,1.1184752053381861
2024-06-13 00:00:00+05:30,1472.0,1472.25,1460.1,1465.25,9181160,1451.93,53.1232030645,1400.5413592318,1451.93,1503.3186407682,7.0786664327,0.6296006258,1450.720424839,4.304575566468884,2.548880288904558,1.755695277564326
2024-06-14 00:00:00+05:30,1470.0,1479.7,1457.2,1477.55,8157998,1454.0225,55.3084421463,1402.0429609967,1454.0225,1506.0020390033,7.1497571741,0.7263150121,1453.2756224734,5.8668257829908725,3.288904404341237,2.5779213786496356
2024-06-18 00:00:00+05:30,1487.35,1487.4,1471.35,1481.0,7196766,1456.3325,55.9290145497,1403.8712354804,1456.3325,1508.7937645196,7.2045723789,0.7351020341,1455.9160393807,7.2991662570980225,3.776995902758709,3.5221703543393135
2024-06-19 00:00:00+05:30,1487.5,1487.5,1456.0,1458.65,8725874,1457.46,50.9894319226,1405.8237472312,1457.46,1509.0962527688,7.0857866108,0.5115229121,1456.1764165825,6.555282967500034,2.426490090528576,4.128792876971458
2024-06-20 00:00:00+05:30,1459.0,1482.85,1450.1,1473.7,16113776,1458.1125,53.9394575665,1406.0038454885,1458.1125,1510.2211545115,7.147412084,0.6495672854,1457.845329289,7.098334145535773,2.375633014851452,4.722701130684321
2024-06-21 00:00:00+05:30,1473.6,1474.7,1440.6,1454.2,31170360,1456.52,49.7601837593,1406.0014054036,1456.52,1507.0385945964,6.9368899289,0.4770381577,1457.498155071,5.8873533403436795,0.9317217677274865,4.955631572616193
2024-06-24 00:00:00+05:30,1445.5,1449.5,1437.5,1441.5,8878386,1454.5825,47.1954170299,1404.8873264416,1454.5825,1504.2776735584,6.8329123385,0.3683725293,1455.9745212547,3.858381446357498,-0.8778001010069563,4.736181547364454
2024-06-25 00:00:00+05:30,1443.0,1455.9,1441.0,1454.15,7045386,1453.9775,49.9619615309,1404.5714530523,1453.9775,1503.3835469477,6.7959850751,0.5017457377,1455.8007573257,3.233877752250237,-1.2018430360913746,4.435720788341611
2024-06-26 00:00:00+05:30,1446.05,1519.0,1445.1,1514.0,22014882,1456.8675,60.5050130856,1400.9470093459,1456.8675,1512.7879906541,7.676812154,1.0108368984,1461.3435423423,7.482099897867329,2.437103287620573,5.044996610246756
2024-06-27 00:00:00+05:30,1513.75,1537.5,1506.0,1530.55,28383030,1461.355,62.8368445708,1397.47433078,1461.355,1525.23566922,8.7426626959,1.0415957663,1467.9346335478,12.045440896309401,5.600355428850116,6.445085467459285
2024-06-28 00:00:00+05:30,1531.0,1581.0,1531.0,1565.4,28957336,1468.3825,67.2250477083,1392.344704957,1468.3825,1544.420295043,10.3566741013,1.1379557689,1477.2170494004,18.263495058663693,9.454727672963525,8.808767385700168
2024-07-01 00:00:00+05:30,1562.5,1579.4,1555.7,1560.15,7724306,1474.87,65.9614593907,1391.1495341628,1474.87,1558.5904658372,11.3529281682,1.0093139362,1485.1154256479,22.508255498586323,10.959590490308923,11.5486650082774
2024-07-02 00:00:00+05:30,1569.5,1573.5,1557.0,1565.2,7749246,1477.615,66.6115699788,1386.1829427115,1477.615,1569.0470572885,12.3756265723,0.9789622076,1492.7425279672,25.98026717660423,11.545281734661462,14.434985441942768
2024-07-03 00:00:00+05:30,1566.3,1575.0,1542.8,1552.4,9049620,1485.37,63.3109291333,1396.2200117779,1485.37,1574.5199882221,12.0037415892,0.8759394776,1498.4241919703,27.38335020437762,10.358691809947882,17.02465839442974
2024-07-04 00:00:00+05:30,1557.0,1567.5,1550.8,1554.0,6837176,1492.0325,63.5540335046,1403.2798590534,1492.0325,1580.7851409466,11.8968777083,0.8491022878,1503.7171260684,28.29820613548941,9.018838192847735,19.279367942641674
2024-07-05 00:00:00+05:30,1553.8,1598.5,1548.0,1588.6,12269710,1499.8825,68.4262154205,1406.2599585102,1499.8825,1593.5050414898,12.483983444,0.973804164,1511.8012093,31.45260088339205,9.7385863526003,21.71401453079175
2024-07-08 00:00:00+05:30,1589.0,1608.8,1582.5,1600.9,9500806,1506.43,69.9634419954,1404.1782645624,1506.43,1608.6817354376,13.575371632,0.9619481498,1520.2868084143,34.54675516299221,10.266192505760369,24.280562657231844
2024-07-09 00:00:00+05:30,1597.6,1600.5,1580.5,1590.3,6960002,1512.375,66.9387958409,1405.2514241635,1512.375,1619.4985758365,14.1662717033,0.8637154538,1526.9547314224,35.7316708502799,9.160886554438441,26.570784295841456
2024-07-10 00:00:00+05:30,1595.0,1597.5,1563.15,1584.2,7134578,1518.75,65.1921401658,1410.4692399362,1518.75,1627.0307600638,14.2591947409,0.8022235897,1532.4066617631,35.76621538191239,7.356344868856745,28.409870513055644
2024-07-11 00:00:00+05:30,1587.5,1604.25,1570.5,1580.65,11940946,1524.6175,64.1431702663,1416.2736294996,1524.6175,1632.9613705004,14.2125969957,0.7585863868,1537.0012654047,35.102497104623126,5.354101273253985,29.74839583136914
2024-07-12 00:00:00+05:30,1584.5,1605.15,1574.5,1596.7,12924784,1531.19,66.7482090652,1422.103426124,1531.19,1640.276573876,14.2486006147,0.8002660991,1542.6868591757,35.46280333062532,4.571525999404944,30.891277331220376
2024-07-15 00:00:00+05:30,1604.45,1605.85,1585.5,1597.2,5329688,1537.1725,66.829059014,1427.3875580681,1537.1725,1646.9574419319,14.2840106666,0.7733867639,1547.8785868733,35.38084606232928,3.591654984887125,31.789191077442158
2024-07-16 00:00:00+05:30,1593.5,1600.0,1569.1,1576.25,9386838,1541.935,60.2218573772,1434.0630940189,1541.935,1649.8069059811,13.9917578862,0.6590543881,1550.5806262187,33.24220893118763,1.1624142829963802,32.07979464819125
2024-07-18 00:00:00+05:30,1576.0,1593.9,1557.8,1586.7,12298374,1548.3375,62.2279005947,1445.9369000262,1548.3375,1650.7380999738,13.227167846,0.687315797,1554.0205665788,32.02142817110598,-0.046693181668217676,32.0681213527742
2024-07-19 00:00:00+05:30,1586.0,1590.0,1552.8,1555.15,13140390,1552.41,53.4617884188,1455.8974484847,1552.41,1648.9225515153,12.433899745,0.5141950449,1554.1281316665,28.183250331484942,-3.10789681703141,31.29114714851635
2024-07-22 00:00:00+05:30,1537.25,1537.5,1499.3,1500.7,19674376,1554.735,42.3687456969,1465.8598398032,1554.735,1643.6101601968,11.4328371326,0.1960061738,1549.0397381745,20.51136455592473,-8.6238260740733,29.13519062999803
2024-07-23 00:00:00+05:30,1501.0,1505.75,1463.0,1487.9,18052044,1557.055,40.2542088045,1478.2754664903,1557.055,1635.8345335097,10.1190431307,0.0610852405,1543.2169059674,13.245797471871128,-12.711514526501524,25.957311998372653
2024-07-24 00:00:00+05:30,1485.0,1509.5,1476.4,1495.7,11913362,1559.1325,42.1489513693,1489.6778365497,1559.1325,1628.5871634503,8.9093984572,0.0433531973,1538.6914863514,8.024674571579908,-14.3461099414342,22.370784513014108
2024-07-25 00:00:00+05:30,1481.0,1500.5,1477.1,1492.4,12519876,1558.0525,41.5486029918,1485.2339482772,1558.0525,1630.8710517228,9.3473810058,0.0492048493,1534.2827733656,3.579354070536283,-15.033144353982259,18.61249842451854
2024-07-26 00:00:00+05:30,1492.4,1512.4,1490.35,1509.0,9859940,1556.975,45.7356693957,1481.9560057385,1556.975,1631.9939942615,9.6365059505,0.1802476461,1531.8748901879,1.3799792726183568,-13.786015321520148,15.165994594138505
2024-07-29 00:00:00+05:30,1511.95,1527.5,1511.8,1520.1,7538550,1554.71,48.3975283014,1478.1261531392,1554.71,1631.2938468608,9.8518497804,0.2740385119,1530.7534720748,0.5265662056158362,-11.711542710818135,12.238108916433971
2024-07-30 00:00:00+05:30,1517.0,1525.0,1510.0,1513.15,8228208,1552.36,46.8479701842,1473.7309748248,1552.36,1630.9890251752,10.1302565352,0.2506645929,1529.0769509248,-0.7024789745782982,-10.352470312809816,9.649991338231517
2024-07-31 00:00:00+05:30,1504.0,1510.45,1501.15,1505.4,10057346,1549.37,45.1134001905,1468.4080435019,1549.37,1630.3319564981,10.4509518705,0.2284527085,1526.8220032177,-2.2756342698919525,-9.540500486498777,7.2648662166068245
2024-08-01 00:00:00+05:30,1512.0,1518.0,1504.3,1515.3,10764222,1547.515,47.7735712001,1465.2265372607,1547.515,1629.8034627393,10.6349163322,0.3042556701,1525.7246695779,-2.6924866036004005,-7.96588225616578,5.273395652565379
2024-08-02 00:00:00+05:30,1505.0,1509.3,1493.3,1499.3,10268248,1544.78,44.0571170814,1459.9389934053,1544.78,1629.6210065947,10.9842186712,0.2319692338,1523.20803438,-4.264749980681472,-7.6305165065974805,3.3657665259160088
2024-08-05 00:00:00+05:30,1480.0,1483.9,1433.25,1447.3,17046704,1537.715,34.6285888332,1445.439482662,1537.715,1629.990517338,12.0016410503,0.0100813162,1515.9786977724,-9.596127270637453,-10.36951503724277,0.7733877666053166
2024-08-06 00:00:00+05:30,1455.15,1477.5,1451.3,1456.05,10236186,1530.4725,37.0691019892,1436.4495162407,1530.4725,1624.4954837593,12.286791662,0.1042324067,1510.2712027464,-12.965768996151382,-10.99132541020536,-1.9744435859460232
2024-08-07 00:00:00+05:30,1469.0,1472.5,1461.5,1464.8,8174568,1524.1975,39.5014350857,1430.2319293105,1524.1975,1618.1630706895,12.3298418597,0.183940088,1505.9406120087,-14.760037937837069,-10.228475481512836,-4.531562456324233
2024-08-08 00:00:00+05:30,1457.5,1465.0,1445.9,1449.1,12387192,1517.4425,36.7562795913,1422.2853916213,1517.4425,1612.5996083787,12.5417745158,0.140896507,1500.5272203888,-17.250020294567094,-10.174766270594288,-7.075254023972805
2024-08-09 00:00:00+05:30,1460.0,1476.5,1456.0,1474.3,6249776,1512.125,43.5387810689,1419.8482992571,1512.125,1604.4017007429,12.2049037934,0.2950457716,1498.0293898756,-16.994023334232224,-7.935015448207535,-9.05900788602469
2024-08-12 00:00:00+05:30,1470.0,1473.0,1457.75,1460.6,8184584,1505.32,40.9665689002,1419.1217610389,1505.32,1591.5182389611,11.4524803977,0.2405979488,1494.4646860779,-17.69266932446294,-6.906929150750599,-10.785740173712341
2024-08-13 00:00:00+05:30,1460.75,1470.1,1458.0,1463.6,6265064,1498.64,41.7777261533,1421.7545553437,1498.64,1575.5254446563,10.2606956516,0.2721285208,1491.5251921657,-17.799099438467465,-5.610687411804099,-12.188412026663366
2024-08-14 00:00:00+05:30,1463.55,1472.0,1453.7,1461.85,6267466,1492.92,41.4201894851,1423.3029302541,1492.92,1562.5370697459,9.3262960836,0.2768507055,1488.698983388,-17.819247254984248,-4.5046681826567045,-13.314579072327543
2024-08-16 00:00:00+05:30,1468.65,1480.4,1458.05,1478.2,9416902,1487.495,46.0644374007,1432.6022691516,1487.495,1542.3877308484,7.3805600487,0.4153348735,1487.6990802082,-16.327690732255405,-2.4104893279422885,-13.917201404313117
2024-08-19 00:00:00+05:30,1482.5,1498.3,1480.5,1488.4,13797742,1484.1575,48.791985796,1438.843260792,1484.1575,1529.471739208,6.1063922404,0.5468119963,1487.7658344741,-14.159346553681416,-0.1937161194946384,-13.965630434186778
2024-08-20 00:00:00+05:30,1497.2,1503.9,1490.0,1495.95,8411808,1483.92,50.7762671886,1438.9062643185,1483.92,1528.9337356815,6.0668682519,0.6336258791,1488.5452788099,-11.696862122563061,1.8150146492989752,-13.511876771862037
2024-08-21 00:00:00+05:30,1493.25,1507.9,1490.0,1498.7,7769996,1484.46,51.5132524517,1439.0112200384,1484.46,1529.9087799616,6.1232744515,0.6566598709,1489.5123951137,-9.414894410176203,3.277585889348668,-12.69248029952487
2024-08-22 00:00:00+05:30,1503.0,1506.5,1490.65,1498.1,10445782,1484.58,51.3326675935,1439.0006581882,1484.58,1530.1593418118,6.1403685637,0.6483128043,1490.3302622458,-7.567598972720134,4.09990506144379,-11.667504034163924
2024-08-23 00:00:00+05:30,1503.75,1511.3,1498.4,1500.0,9249654,1484.96,51.9076118487,1439.0010661568,1484.96,1530.9189338432,6.1899221317,0.6636243353,1491.2511896509,-5.882480336847493,4.628018957853145,-10.510499294700638
2024-08-26 00:00:00+05:30,1507.0,1523.0,1503.0,1512.6,8816114,1485.14,55.6494804774,1438.779417605,1485.14,1531.500582395,6.2432608906,0.7961567627,1493.2844096842,-3.490065675273854,5.616346895541428,-9.106412570815282
2024-08-27 00:00:00+05:30,1510.5,1513.5,1499.45,1500.45,6251156,1484.1575,51.4892341953,1440.0226920249,1484.1575,1528.2923079751,5.9474561123,0.6845765366,1493.9668468571,-2.545124664920877,5.249030324715524,-7.794154989636401
2024-08-28 00:00:00+05:30,1505.0,1507.5,1493.0,1498.3,9610286,1483.415,50.7660019937,1440.7820890039,1483.415,1526.0479109961,5.7479412027,0.6745717059,1494.3795281088,-1.9472919683205419,4.677490417052688,-6.62478238537323
2024-08-29 00:00:00+05:30,1503.1,1537.0,1494.0,1520.9,38335358,1484.19,57.5205309069,1439.4740118079,1484.19,1528.9059881921,6.0256420259,0.9104795788,1496.9052873365,0.34613583634723,5.576734577376368,-5.230598741029138
2024-08-30 00:00:00+05:30,1534.0,1539.7,1503.3,1509.6,41620730,1483.905,53.5636344447,1439.9190715683,1483.905,1527.8909284317,5.9284022133,0.7920820466,1498.1143075902,1.2376119130944971,5.174568523298909,-3.936956610204412
2024-09-02 00:00:00+05:30,1510.9,1526.8,1506.6,1516.25,11240852,1484.7525,55.5035595191,1438.9952330908,1484.7525,1530.5097669092,6.1636221403,0.8441803032,1499.8415163911,2.452442321792887,5.111519145597839,-2.659076823804952
2024-09-03 00:00:00+05:30,1521.25,1523.0,1507.5,1509.1,10923800,1487.8425,52.9426091855,1444.3274764449,1487.8425,1531.3575235551,5.84941263,0.7442547224,1500.7232767348,2.8059140970206045,4.371992736660445,-1.5660786396398407
2024-09-04 00:00:00+05:30,1500.7,1517.5,1499.5,1514.55,11983304,1490.7675,54.6598774858,1448.3429755477,1490.7675,1533.1920244523,5.6916352754,0.7802918867,1502.040107522,3.4856322787857152,4.041368734740445,-0.5557364559547295
2024-09-05 00:00:00+05:30,1519.05,1525.8,1487.05,1493.0,16264168,1492.1775,47.3082623666,1451.458677878,1492.1775,1532.896322122,5.4576378644,0.5100997519,1501.1791449009,2.2593643895268087,2.252080676385231,0.007283713141578163
2024-09-06 00:00:00+05:30,1492.5,1497.0,1461.6,1464.8,19394228,1492.9625,39.7702193446,1455.0899654268,1492.9625,1530.8350345732,5.0734743268,0.1281936195,1497.7144644341,-0.9767071976646093,-0.78719272864495,-0.18951446901965935
2024-09-09 00:00:00+05:30,1466.5,1469.9,1455.6,1462.45,9010298,1492.37,39.2095371456,1453.0066998335,1492.37,1531.7333001665,5.2752735805,0.1199505647,1494.3559440118,-3.688424740932305,-2.7991282175301166,-0.8892965234021886
2024-09-10 00:00:00+05:30,1460.5,1472.05,1457.6,1461.5,10768260,1492.415,38.9703523655,1453.1952842948,1492.415,1531.6347157052,5.2558726233,0.1058742466,1491.2268064869,-5.846739913111833,-3.9659547117677154,-1.8807852013441173
2024-09-11 00:00:00+05:30,1463.05,1468.75,1447.55,1451.5,9760202,1491.81,36.4497873603,1450.5126804744,1491.81,1533.1073195256,5.5365387718,0.0119537967,1487.4433011072,-8.268818866663878,-5.110426932255809,-3.1583919344080695
2024-09-12 00:00:00+05:30,1457.0,1486.0,1445.9,1479.8,22349376,1492.7075,46.9141637387,1453.3174723915,1492.7075,1532.0975276085,5.2776619141,0.3361577691,1486.7153676684,-7.814677660852794,-3.7250285811557795,-4.089649079697015
2024-09-13 00:00:00+05:30,1476.4,1483.15,1469.5,1472.6,8711328,1492.4275,44.8889693199,1452.5523263327,1492.4275,1532.3026736673,5.3436664317,0.2513803932,1485.3710469381,-7.944171842500737,-3.083618210242977,-4.860553632257759
2024-09-16 00:00:00+05:30,1477.55,1480.9,1464.75,1471.35,5481774,1491.575,44.5295731253,1450.6759718942,1491.575,1532.4740281058,5.4840055788,0.2527447358,1484.0357091344,-8.05481062478907,-2.555405594025048,-5.499405030764022
2024-09-17 00:00:00+05:30,1474.0,1477.5,1466.6,1472.3,5935328,1490.3925,44.8906976881,1448.7077992694,1490.3925,1532.0772007306,5.5937883115,0.2829839284,1482.9180225502,-7.973917241969048,-1.9796097689640204,-5.994307473005027
2024-09-18 00:00:00+05:30,1470.0,1482.0,1460.55,1463.45,8574714,1488.63,42.1385040681,1445.5421200336,1488.63,1531.7178799664,5.7889307573,0.2078064641,1481.0639251645,-8.525651289708776,-2.0250750533629986,-6.500576236345777
2024-09-19 00:00:00+05:30,1466.25,1476.5,1455.55,1469.7,16955902,1487.21,44.716258182,1443.595408405,1487.21,1530.824591595,5.8652902542,0.2992644278,1479.9816465774,-8.36218763720035,-1.489289120683658,-6.872898516516692
2024-09-20 00:00:00+05:30,1474.0,1495.0,1471.4,1485.9,30897320,1486.505,50.8308091956,1443.2861279647,1486.505,1529.7238720353,5.8148303619,0.4930007428,1480.5452992843,-6.846514546064782,0.0211071763615287,-6.8676217224263105
2024-09-23 00:00:00+05:30,1491.0,1501.5,1488.95,1493.4,8832314,1485.545,53.400491371,1443.8616352126,1485.545,1527.2283647874,5.6118616114,0.59422224,1481.7695564953,-4.982707827413606,1.5079311160101643,-6.49063894342377
2024-09-24 00:00:00+05:30,1488.5,1500.5,1487.9,1489.4,17137444,1484.9925,51.8442729534,1443.8242807648,1484.9925,1526.1607192352,5.544569314,0.5535303698,1482.4962654005,-3.7847657221752797,2.1646985769987923,-5.949464299174072
2024-09-25 00:00:00+05:30,1483.9,1496.5,1480.2,1493.95,7069002,1484.775,53.5041487395,1443.8450293184,1484.775,1525.7049706816,5.5132893107,0.612081683,1483.5870972671,-2.440112896450728,2.8074811221786753,-5.247594018629403
2024-09-26 00:00:00+05:30,1490.65,1504.0,1488.05,1497.95,18818998,1483.6275,54.9735114126,1445.6313360489,1483.6275,1521.6236639511,5.1220625057,0.6884729735,1484.9549927655,-1.0397140968493659,3.3663039374240302,-4.406018034273396
2024-09-27 00:00:00+05:30,1499.0,1533.5,1492.0,1526.2,20597478,1484.4575,63.6987858357,1443.6099508079,1484.4575,1525.3050491921,5.5033639147,1.0109547675,1488.8830886926,2.322874297104363,5.3831138651022075,-3.0602395679978445
2024-09-30 00:00:00+05:30,1519.4,1525.0,1474.4,1476.6,27008814,1482.475,46.617864334,1444.2258627548,1482.475,1520.7241372452,5.1601729871,0.4232008821,1487.7132707219,0.9742142149073061,3.2275630263241206,-2.2533488114168145
2024-10-01 00:00:00+05:30,1480.65,1487.95,1462.8,1464.8,16431642,1480.26,43.6210407368,1443.3266194344,1480.26,1517.1933805656,4.9901207309,0.2907042388,1485.5310544627,-1.0348409972402806,0.974806251341227,-2.0096472485815076
2024-10-03 00:00:00+05:30,1436.6,1449.4,1402.1,1407.0,37757294,1474.8825,32.5746751203,1429.2026436627,1474.8825,1520.5623563373,6.1943722754,-0.2430244471,1478.0519064186,-7.207920254652208,-4.15861840485656,-3.049301849795648
2024-10-04 00:00:00+05:30,1403.9,1417.35,1381.8,1386.5,37072876,1469.5575,29.7017992902,1410.6518867276,1469.5575,1528.4631132724,8.0167823678,-0.205004968,1469.3326772359,-13.597564456275222,-8.438610085183658,-5.158954371091563
2024-10-07 00:00:00+05:30,1393.5,1396.5,1361.4,1370.7,22181340,1464.8525,27.6758627393,1391.8363546964,1464.8525,1537.8686453036,9.9690781568,-0.1447375413,1459.9390889277,-19.709136814170506,-11.640145954463154,-8.068990859707352
2024-10-08 00:00:00+05:30,1373.0,1401.0,1365.1,1397.35,17020808,1461.5975,35.6489011744,1382.8628794383,1461.5975,1540.3321205617,10.7737760309,0.0919996849,1453.9782233155,-22.146874281875853,-11.2623067377348,-10.884567544141053
2024-10-09 00:00:00+05:30,1397.5,1401.0,1372.5,1374.6,14310610,1457.2525,32.3684651437,1369.8606498365,1457.2525,1544.6443501635,11.9940573323,0.0271155157,1446.4183925236,-25.619211337407023,-11.787715034612777,-13.831496302794246
2024-10-10 00:00:00+05:30,1380.0,1386.0,1369.4,1371.05,22358646,1453.23,31.8755471086,1358.0871106178,1453.23,1548.3728893822,13.0939891665,0.0681232695,1439.2404503785,-28.330937391314137,-11.599552870815913,-16.731384520498224
2024-10-11 00:00:00+05:30,1370.0,1383.3,1368.8,1372.1,7980122,1447.845,32.2043985498,1347.2895481339,1447.845,1548.4004518661,13.8903614498,0.1233670149,1432.846121771,-30.0488887168392,-10.654003357072781,-19.39488535976642
2024-10-14 00:00:00+05:30,1379.45,1380.1,1368.25,1372.5,12221432,1442.84,32.3383953387,1337.8447115343,1442.84,1547.8352884657,14.5539752801,0.1650325885,1427.0988720785,-31.020515667414656,-9.300504246118589,-21.720011421296068
2024-10-15 00:00:00+05:30,1358.5,1371.7,1340.7,1344.0,33762794,1436.4725,28.079884626,1323.986343185,1436.4725,1548.958656815,15.6614424314,0.0889605325,1419.1846937853,-33.70175597721118,-9.585395644732085,-24.116360332479093
2024-10-16 00:00:00+05:30,1340.0,1364.0,1337.6,1354.1,20034438,1430.5625,31.5214425109,1313.8845377492,1430.5625,1547.2404622508,16.3121796148,0.1723352957,1412.9861515201,-34.612679228735715,-8.397055117005294,-26.21562411173042
2024-10-17 00:00:00+05:30,1365.7,1368.45,1352.05,1356.4,15543660,1425.21,32.315740622,1305.2814896282,1425.21,1545.1385103718,16.8295914808,0.2131207592,1407.5969942324,-34.74844326649759,-6.826255323813733,-27.922187942683856
2024-10-18 00:00:00+05:30,1352.2,1368.4,1341.3,1359.3,12082452,1419.69,33.3652457672,1298.3066419973,1419.69,1541.0733580027,17.0999807004,0.2512426704,1402.997280496,-34.22747841555315,-5.044232378295433,-29.183246037257717
2024-10-21 00:00:00+05:30,1367.1,1374.0,1357.7,1369.2,14067408,1413.855,36.9589490442,1294.5619746381,1413.855,1533.1480253619,16.8748599201,0.3128348247,1399.7784918773,-32.63951474697228,-2.765014967771652,-29.87449977920063
2024-10-22 00:00:00+05:30,1369.2,1376.0,1340.2,1343.35,15831960,1406.3525,32.0920833359,1289.1587054757,1406.3525,1523.5462945243,16.6663470964,0.2312037713,1394.4043497938,-33.08553164769114,-2.56882549479241,-30.51670615289873
2024-10-23 00:00:00+05:30,1337.5,1357.5,1335.0,1338.5,17214742,1398.8075,31.2603400157,1284.5792536027,1398.8075,1513.0357463973,16.3322324762,0.2360219477,1389.0801260039,-33.44482657961976,-2.342496341376819,-31.10233023824294
2024-10-24 00:00:00+05:30,1335.3,1343.7,1323.1,1339.8,22155934,1391.1,31.7707839983,1282.9499745724,1391.1,1499.2500254276,15.5488498926,0.2628294594,1384.3867806702,-33.2414841293687,-1.7113231129006081,-31.530161016468092
2024-10-25 00:00:00+05:30,1343.5,1344.35,1322.0,1327.85,18597496,1382.595,29.5952216122,1282.976648779,1382.595,1482.213351221,14.4103444929,0.2252263296,1379.0023253683,-33.65662626516223,-1.7011721989553124,-31.95545406620692
2024-10-28 00:00:00+05:30,1337.0,1353.0,1322.1,1334.35,10824350,1373.0025,32.3103839151,1296.211950614,1373.0025,1449.793049386,11.1857843501,0.24832515,1374.7497229522,-33.07981026026937,-0.8994849552499602,-32.18032530501941
2024-10-29 00:00:00+05:30,1328.1,1343.2,1320.3,1340.0,12008361,1366.1725,34.6688714981,1304.678293159,1366.1725,1427.666706841,9.0024073594,0.2871954014,1371.4402255282,-31.800198743498413,0.3041012492167994,-32.10429999271521
2024-10-30 00:00:00+05:30,1335.0,1350.0,1325.35,1343.9,11984423,1360.1275,36.3182760827,1317.8296812028,1360.1275,1402.4253187972,6.2196843748,0.3081756878,1368.8173469065,-30.124147569463958,1.5841219386010081,-31.708269508064966
2024-10-31 00:00:00+05:30,1340.0,1343.0,1326.15,1332.05,9331650,1356.38,33.546885892,1318.2854675839,1356.38,1394.4745324161,5.6170884879,0.1806628346,1365.3156948202,-29.413006079044408,1.8362107432164478,-31.249216822260856
2024-11-01 00:00:00+05:30,1333.05,1341.95,1333.0,1338.65,2127335,1353.9875,36.4553372022,1317.7973787651,1353.9875,1390.1776212349,5.3457097994,0.2880982506,1362.7761048373,-27.994157263712168,2.6040476468389535,-30.59820491055112
2024-11-04 00:00:00+05:30,1337.85,1340.0,1285.1,1302.15,19796890,1350.56,28.9175817363,1308.7952110026,1350.56,1392.3247889974,6.1848105967,-0.0795551847,1357.0021900909,-29.475182752968067,0.8984177260664445,-30.37360047903451
2024-11-05 00:00:00+05:30,1293.0,1309.55,1286.15,1305.3,16267479,1345.9575,30.2578103196,1305.5669283898,1345.9575,1386.3480716102,6.0017603246,-0.0033043403,1352.078171987,-30.048348788676094,0.26020135228673524,-30.30855014096283
2024-11-06 00:00:00+05:30,1310.0,1328.3,1300.2,1325.35,21625209,1343.495,38.2398442695,1304.40538629,1343.495,1382.58461371,5.8190932918,0.2679050996,1349.5326317977,-28.555548972906536,1.402400934445037,-29.957949907351573
2024-11-07 00:00:00+05:30,1324.0,1324.0,1302.6,1305.65,9611974,1340.225,34.1091298994,1299.9780187468,1340.225,1380.4719812532,6.0060036566,0.0704646793,1345.3533335313,-28.632067077669717,1.0607062637454874,-29.692773341415204
2024-11-08 00:00:00+05:30,1297.65,1301.65,1275.0,1283.75,19814406,1335.8075,30.2031989135,1291.3502815198,1335.8075,1380.2647184802,6.6562313028,-0.0854785992,1339.4863493855,-30.11273434404916,-0.3359688021071605,-29.776765541941998
2024-11-11 00:00:00+05:30,1278.95,1286.0,1267.0,1272.7,9056552,1330.8175,28.4339307134,1281.7860073142,1330.8175,1379.8489926858,7.368627582,-0.0926548104,1333.1257446821,-31.811117708374468,-1.6274817331459737,-30.183635975228494
2024-11-12 00:00:00+05:30,1275.55,1289.3,1267.5,1274.25,10671091,1327.33,29.0616649614,1272.9180766743,1327.33,1381.7419233257,8.1987031598,0.0122392597,1327.5185309028,-32.65559336181013,-1.9775659092653086,-30.678027452544825
2024-11-13 00:00:00+05:30,1270.25,1275.45,1249.5,1252.05,14633633,1322.2275,25.5983879136,1260.2064997259,1322.2275,1384.2485002741,9.3812903262,-0.0657559511,1320.3310517692,-34.71601624285745,-3.2303910322501004,-31.48562521060735
2024-11-14 00:00:00+05:30,1253.6,1272.6,1251.1,1267.6,12612633,1317.7875,31.7349775552,1253.5144039566,1317.7875,1382.0605960434,9.7546980895,0.1095761439,1315.3090468388,-34.69422771669383,-2.5668820048691856,-32.127345711824645
2024-11-18 00:00:00+05:30,1267.6,1272.9,1243.9,1260.75,13620611,1312.86,30.5400029576,1246.9820249249,1312.86,1378.7379750751,10.0357959074,0.1044960403,1310.1129471399,-34.828219866090194,-2.1606993234124374,-32.66752054267776
2024-11-19 00:00:00+05:30,1260.75,1281.5,1235.15,1241.65,14183746,1306.4825,27.4376264956,1238.9802683702,1306.4825,1373.9847316298,10.3334306628,0.0197751361,1303.5926664599,-36.059943403468196,-2.713938288632349,-33.34600511483585
2024-11-21 00:00:00+05:30,1241.65,1243.95,1217.25,1223.0,19433843,1300.465,24.7895847564,1226.0759342712,1300.465,1374.8540657288,11.4403795148,-0.0206746398,1295.9171744161,-38.101778728725094,-3.804618891111396,-34.2971598376137
2024-11-22 00:00:00+05:30,1229.4,1268.85,1222.45,1265.4,20471957,1296.81,39.1645476403,1223.0748279313,1296.81,1370.5451720687,11.3717772177,0.287008024,1293.0107768527,-35.88496277297236,-1.2702423482869278,-34.61472042468543
2024-11-25 00:00:00+05:30,1290.0,1304.45,1282.45,1287.0,28923341,1294.17,44.9382132033,1223.0460490411,1294.17,1365.2939509589,10.9914386764,0.4495950386,1292.4383219143,-32.016118787433925,2.0788813098012042,-34.09500009723513
2024-11-26 00:00:00+05:30,1294.95,1297.85,1284.2,1295.7,9247557,1292.5625,47.1152969579,1223.122742836,1292.5625,1362.002257164,10.7445105616,0.5225915249,1292.7489579225,-27.926100066144045,4.935120024872873,-32.86122009101692
2024-11-27 00:00:00+05:30,1293.5,1303.85,1286.0,1293.2,9572746,1290.505,46.5457749107,1223.7533041414,1290.505,1357.2566958586,10.3450503266,0.5201867531,1292.7919143108,-24.60285348888101,6.606693281708729,-31.20954677058974
2024-11-28 00:00:00+05:30,1289.95,1296.6,1269.05,1270.8,15027412,1287.045,41.6838411913,1223.8341710227,1287.045,1350.2558289773,9.8226291975,0.3715014479,1290.6974462812,-23.505690461237464,6.163085047481822,-29.668775508719285
2024-11-29 00:00:00+05:30,1280.0,1299.5,1275.25,1292.2,13202307,1284.46,47.3428051396,1226.7738092781,1284.46,1342.1461907219,8.9821700515,0.5670871131,1290.8405466354,-20.671096175063894,7.198143466924314,-27.86923964198821
2024-12-02 00:00:00+05:30,1288.0,1311.35,1277.05,1309.15,11024152,1283.315,51.368204163,1228.6212151611,1283.315,1338.0087848389,8.5238284971,0.736178572,1292.5843040987,-16.862555396152175,8.805347396668829,-25.667902792821003
2024-12-03 00:00:00+05:30,1317.0,1326.8,1307.0,1323.3,16869482,1282.5475,54.4955540231,1230.620421563,1282.5475,1334.474578437,8.0974901026,0.8924012406,1295.5096084702,-12.55771512325964,10.488150135649093,-23.045865258908734
2024-12-04 00:00:00+05:30,1326.0,1328.4,1304.05,1308.95,19608540,1282.8875,50.9193740818,1230.3658294725,1282.8875,1335.4091705275,8.1880399532,0.7481118721,1296.7896457588,-10.186598497793739,10.287413408891997,-20.474011906685735
2024-12-05 00:00:00+05:30,1314.35,1329.95,1306.15,1322.05,16858723,1283.725,53.8939192966,1229.300772858,1283.725,1338.149227142,8.4791099561,0.8520950321,1299.1953937818,-7.167785204362644,10.644981361858473,-17.812766566221118
2024-12-06 00:00:00+05:30,1323.9,1323.9,1310.0,1311.55,9037514,1283.035,51.2147026987,1230.4193169768,1283.035,1335.6506830232,8.2017533463,0.7709743404,1300.3720229454,-5.558540769858382,9.80338063709019,-15.361921406948571
2024-12-09 00:00:00+05:30,1303.0,1315.0,1293.1,1295.15,14650002,1282.51,47.2626279027,1230.602634434,1282.51,1334.417365566,8.0946527615,0.6217553604,1299.8746874268,-5.5426536400350415,7.855414213530825,-13.398067853565866
2024-12-10 00:00:00+05:30,1289.25,1294.9,1280.2,1284.85,16043729,1282.565,44.918230668,1230.6501649333,1282.565,1334.4798350667,8.0954704154,0.522007197,1298.4437648147,-6.2886947361555485,5.6874984939282545,-11.976193230083803
